timestamp,time_index,temperature,pressure,load,vibration_x,vibration_y,ultrasonic_amplitude,ultrasonic_time
03:59.2,1,375.7,17.7,0.54,0.04,0.04,39,11.8
13:59.2,2,375.1,17.6,0.56,0.06,0.06,39,11.9
23:59.2,3,376.6,17.6,0.55,0.07,0.06,38,11.9
33:59.2,4,378.2,17.5,0.57,0.12,0.07,40,11.9
43:59.2,5,375.8,17.6,0.55,0.09,0.04,42,12
53:59.2,6,376.1,17.6,0.6,0.06,0.07,39,12.1
03:59.2,7,379.1,17.7,0.6,0.1,0.02,42,12
13:59.2,8,378.2,17.7,0.59,0.06,0.05,42,11.8
23:59.2,9,376.6,17.7,0.63,0.11,0.06,40,12.2
33:59.2,10,378.4,17.6,0.64,0.09,0.08,41,11.9
43:59.2,11,377.2,17.7,0.6,0.09,0.06,44,12
53:59.2,12,377.5,17.6,0.62,0.12,0.04,42,12.1
03:59.2,13,378.8,17.9,0.62,0.07,0.05,41,12.1
13:59.2,14,375.9,17.5,0.62,0.06,0.07,41,12.2
23:59.2,15,376.4,17.8,0.66,0.09,0.07,42,12.1
33:59.2,16,378.4,17.7,0.64,0.12,0.06,41,11.9
43:59.2,17,378,17.6,0.65,0.07,0.06,39,12.4
53:59.2,18,380.2,17.7,0.61,0.03,0.07,45,12.1
03:59.2,19,378.6,17.7,0.67,0.09,0.06,42,12
13:59.2,20,378.1,17.7,0.63,0.1,0.06,43,12.2
23:59.2,21,382.6,17.9,0.65,0.12,0.1,42,12.1
33:59.2,22,380.3,17.7,0.66,0.09,0.05,41,12.1
43:59.2,23,381,17.8,0.67,0.09,0.04,42,12.4
53:59.2,24,378.9,17.9,0.62,0.12,0.08,40,12
03:59.2,25,380.4,18,0.58,0.05,0.05,46,12
13:59.2,26,381.6,17.9,0.64,0.09,0.06,41,12.1
23:59.2,27,379.9,17.8,0.67,0.1,0.06,42,12.2
33:59.2,28,382.3,17.9,0.65,0.11,0.06,43,11.8
43:59.2,29,381,17.9,0.62,0.08,0.09,45,11.8
53:59.2,30,381.7,17.7,0.6,0.09,0.08,43,12
03:59.2,31,381.3,17.8,0.62,0.04,0.08,42,11.8
13:59.2,32,385.1,17.8,0.58,0.07,0.04,45,12
23:59.2,33,382.5,17.9,0.6,0.1,0.05,45,12.2
33:59.2,34,381,17.9,0.59,0.07,0.02,45,11.9
43:59.2,35,383.9,17.9,0.59,0.09,0.05,45,11.9
53:59.2,36,381,18,0.62,0.1,0.08,48,12.1
03:59.2,37,383.2,17.8,0.56,0.08,0.07,47,12.2
13:59.2,38,380,17.7,0.54,0.09,0.05,43,11.8
23:59.2,39,381,17.9,0.54,0.06,0.06,47,12.2
33:59.2,40,383.4,18.1,0.49,0.07,0.04,45,12.2
43:59.2,41,384.2,18.1,0.51,0.09,0.06,45,12.2
53:59.2,42,383.4,17.9,0.51,0.08,0.07,42,12.3
03:59.2,43,383,18.1,0.5,0.06,0.03,44,12.4
13:59.2,44,382.8,17.9,0.5,0.08,0.06,43,12.1
23:59.2,45,381,17.9,0.48,0.09,0.07,46,12.1
33:59.2,46,382.1,18,0.51,0.04,0.05,46,12.1
43:59.2,47,382.5,18,0.48,0.1,0.06,42,12.1
53:59.2,48,384.8,17.9,0.47,0.07,0.09,45,12.3
03:59.2,49,383.7,18.1,0.46,0.08,0.05,47,11.9
13:59.2,50,380.5,18,0.47,0.1,0.06,45,12
23:59.2,51,383.6,17.9,0.48,0.05,0.04,46,12.3
33:59.2,52,382.5,18,0.45,0.06,0.05,46,12.3
43:59.2,53,382,18,0.45,0.06,0.06,46,12.1
53:59.2,54,383.8,18.1,0.45,0.05,0.05,45,12.3
03:59.2,55,384.4,18,0.45,0.11,0.03,44,12.2
13:59.2,56,384.2,18,0.45,0.05,0.05,44,12.4
23:59.2,57,381.4,18,0.45,0.06,0.07,47,12.2
33:59.2,58,382.1,18.1,0.48,0.08,0.06,46,12.3
43:59.2,59,383,18.1,0.47,0.05,0.07,45,12.5
53:59.2,60,383.9,18,0.47,0.07,0.05,45,12.2
03:59.2,61,381.6,18.1,0.49,0.08,0.07,45,12.2
13:59.2,62,381.9,17.7,0.47,0.07,0.06,47,12.3
23:59.2,63,380.4,18.1,0.49,0.08,0.04,45,12.1
33:59.2,64,380.2,17.8,0.49,0.07,0.06,44,12.5
43:59.2,65,383,18,0.5,0.05,0.04,47,12.2
53:59.2,66,383.7,18,0.49,0.08,0.05,46,12.1
03:59.2,67,381.5,17.9,0.46,0.11,0.05,46,12
13:59.2,68,382.9,18.2,0.52,0.08,0.06,48,12.3
23:59.2,69,381.9,18,0.55,0.09,0.04,46,12.3
33:59.2,70,380.2,18,0.55,0.1,0.08,46,12.1
43:59.2,71,381.6,18,0.56,0.06,0.07,44,12.3
53:59.2,72,383.2,18.1,0.58,0.13,0.05,46,12
03:59.2,73,380.7,18,0.56,0.09,0.04,47,12.2
13:59.2,74,383,18,0.57,0.12,0.06,44,12.3
23:59.2,75,376.6,18,0.57,0.08,0.06,46,12.4
33:59.2,76,381.6,18,0.58,0.13,0.07,46,12.1
43:59.2,77,380.3,17.9,0.61,0.11,0.06,46,12
53:59.2,78,379.6,18,0.63,0.11,0.04,48,12.1
03:59.2,79,380.1,18.2,0.61,0.1,0.06,47,12
13:59.2,80,376.8,18,0.61,0.09,0.06,48,12.4
23:59.2,81,379.4,18,0.63,0.12,0.08,45,12.4
33:59.2,82,380.1,18,0.64,0.11,0.06,46,12.3
43:59.2,83,381.7,18.1,0.61,0.06,0.09,46,12.4
53:59.2,84,378.6,18.2,0.6,0.07,0.04,44,12.2
03:59.2,85,378,18,0.64,0.1,0.09,48,12.2
13:59.2,86,378.4,18.1,0.63,0.11,0.07,50,12.2
23:59.2,87,380.4,18.2,0.65,0.1,0.08,46,12.2
33:59.2,88,379.4,18.1,0.66,0.13,0.07,47,12
43:59.2,89,378,18,0.65,0.07,0.09,46,12.3
53:59.2,90,379.5,18.1,0.69,0.11,0.07,45,12.2
03:59.2,91,378.8,18.1,0.67,0.07,0.06,43,12.3
13:59.2,92,380,18.1,0.67,0.12,0.1,45,12.2
23:59.2,93,377.5,18.1,0.67,0.11,0.07,44,12.2
33:59.2,94,378,18.1,0.64,0.11,0.07,48,12.1
43:59.2,95,377.8,18.1,0.68,0.09,0.09,46,12.2
53:59.2,96,376.2,18,0.65,0.13,0.06,45,12.3
03:59.2,97,378.8,18.1,0.66,0.13,0.08,47,12.1
13:59.2,98,378.7,17.9,0.63,0.11,0.06,44,12.3
23:59.2,99,378.3,18.2,0.61,0.1,0.07,45,12.3
33:59.2,100,377.9,18.1,0.65,0.12,0.07,46,12.1
43:59.2,101,376.2,18.1,0.64,0.09,0.05,47,12.2
53:59.2,102,377.7,17.8,0.6,0.12,0.06,46,12.3
03:59.2,103,377.8,18.3,0.6,0.13,0.09,46,12.1
13:59.2,104,377.2,18.1,0.63,0.12,0.08,46,12.3
23:59.2,105,378.2,18.2,0.58,0.08,0.06,46,12.1
33:59.2,106,379,18,0.62,0.11,0.07,46,12.4
43:59.2,107,381.3,18.3,0.57,0.07,0.06,44,12.6
53:59.2,108,378.8,18,0.59,0.11,0.09,45,12.1
03:59.2,109,379,18.1,0.56,0.1,0.06,44,12.4
13:59.2,110,378.6,18.3,0.57,0.06,0.07,45,12.2
23:59.2,111,375.9,18.1,0.54,0.07,0.08,44,12.4
33:59.2,112,378.9,18.2,0.54,0.08,0.05,49,12.1
43:59.2,113,379.1,18.3,0.53,0.08,0.09,45,12.4
53:59.2,114,382.9,18.4,0.5,0.06,0.04,43,12.2
03:59.2,115,379,18.2,0.53,0.1,0.09,45,12.3
13:59.2,116,379.9,18.3,0.5,0.09,0.05,45,12.1
23:59.2,117,379.5,18.5,0.5,0.08,0.06,47,12.4
33:59.2,118,378,18.2,0.48,0.07,0.03,44,12.2
43:59.2,119,381.6,18.3,0.45,0.1,0.05,42,12.4
53:59.2,120,381.2,18.4,0.48,0.11,0.04,46,12.2
03:59.2,121,381.5,18.4,0.53,0.08,0.05,42,12.3
13:59.2,122,379.1,18.3,0.49,0.07,0.06,44,12.3
23:59.2,123,382.8,18.4,0.47,0.09,0.07,44,12.2
33:59.2,124,378.8,18.1,0.47,0.07,0.06,44,12.3
43:59.2,125,382,18.5,0.47,0.08,0.06,45,12.5
53:59.2,126,384.6,18.3,0.48,0.1,0.04,43,12.2
03:59.2,127,380.1,18.3,0.45,0.04,0.04,43,12.5
13:59.2,128,380.9,18.2,0.49,0.11,0.09,44,12.5
23:59.2,129,382.2,18.3,0.49,0.08,0.05,44,12.2
33:59.2,130,381.5,18.4,0.49,0.08,0.08,44,12.1
43:59.2,131,380.2,18.3,0.48,0.08,0.05,44,12.4
53:59.2,132,382.9,18.4,0.48,0.08,0.06,45,12.2
03:59.2,133,381.5,18.5,0.5,0.05,0.08,44,12.6
13:59.2,134,384,18.5,0.5,0.12,0.08,44,12.3
23:59.2,135,382.2,18.4,0.49,0.08,0.06,41,12.2
33:59.2,136,386.2,18.6,0.49,0.09,0.05,43,12.2
43:59.2,137,383,18.5,0.51,0.11,0.06,44,12.5
53:59.2,138,384,18.3,0.54,0.07,0.07,44,12.3
03:59.2,139,386,18.6,0.5,0.1,0.07,42,12.4
13:59.2,140,383.2,18.5,0.5,0.08,0.06,42,12.5
23:59.2,141,385.7,18.5,0.54,0.11,0.07,42,12.3
33:59.2,142,387.6,18.7,0.55,0.05,0.09,43,12.3
43:59.2,143,383.5,18.5,0.56,0.09,0.07,44,12.4
53:59.2,144,386.5,18.6,0.57,0.08,0.07,42,12.5
03:59.2,145,386.9,18.6,0.57,0.11,0.05,44,12.4
13:59.2,146,388,18.6,0.61,0.11,0.03,42,12.3
23:59.2,147,385.3,18.4,0.56,0.08,0.07,42,12.4
33:59.2,148,385.4,18.4,0.58,0.09,0.07,42,12.3
43:59.2,149,388.5,18.8,0.6,0.1,0.06,43,12.1
53:59.2,150,388.4,18.6,0.58,0.08,0.07,42,12.4
03:59.2,151,388.7,18.6,0.62,0.12,0.07,45,12.7
13:59.2,152,389.1,18.5,0.66,0.1,0.09,40,12.2
23:59.2,153,387.9,18.6,0.64,0.05,0.08,42,12.3
33:59.2,154,389.5,18.6,0.65,0.1,0.07,41,12.3
43:59.2,155,389.9,18.9,0.62,0.09,0.09,40,12.5
53:59.2,156,388.6,18.8,0.64,0.08,0.07,41,12.5
03:59.2,157,392.8,18.7,0.65,0.09,0.09,41,12.4
13:59.2,158,391,19,0.66,0.11,0.07,45,12.3
23:59.2,159,388.7,18.8,0.69,0.14,0.07,41,12.4
33:59.2,160,391.7,18.8,0.68,0.12,0.08,39,12.2
43:59.2,161,389.6,18.5,0.65,0.1,0.08,41,12.4
53:59.2,162,392.4,19.1,0.68,0.12,0.09,37,12.5
03:59.2,163,393.2,18.7,0.68,0.11,0.08,40,12.2
13:59.2,164,390.5,18.6,0.7,0.1,0.05,40,12.2
23:59.2,165,393.4,19,0.7,0.1,0.08,42,12.6
33:59.2,166,392.8,19.1,0.65,0.08,0.09,42,12.3
43:59.2,167,393.6,19,0.65,0.1,0.07,39,12.6
53:59.2,168,395.4,19,0.64,0.11,0.07,40,12.4
03:59.2,169,392.4,18.9,0.66,0.11,0.09,39,12.4
13:59.2,170,391.8,18.9,0.67,0.11,0.07,38,12.5
23:59.2,171,391.8,18.9,0.67,0.1,0.06,40,12.3
33:59.2,172,392.1,18.9,0.64,0.12,0.08,38,12.4
43:59.2,173,393.3,18.9,0.63,0.08,0.07,39,12.4
53:59.2,174,394.1,18.9,0.64,0.13,0.06,38,12.2
03:59.2,175,394.2,18.9,0.61,0.09,0.07,40,12.5
13:59.2,176,395.1,19,0.66,0.1,0.09,42,12.4
23:59.2,177,394,18.8,0.58,0.07,0.07,37,12.4
33:59.2,178,396.3,19,0.61,0.1,0.08,37,12.3
43:59.2,179,393.8,18.9,0.63,0.13,0.1,39,12.7
53:59.2,180,398.4,19,0.59,0.11,0.07,39,12.6
03:59.2,181,395.3,19,0.57,0.12,0.08,39,12.6
13:59.2,182,393.2,19.1,0.56,0.11,0.06,38,12.4
23:59.2,183,392.9,19,0.56,0.08,0.06,39,12.2
33:59.2,184,395.3,18.9,0.58,0.1,0.06,40,12.8
43:59.2,185,394.3,18.9,0.5,0.08,0.06,40,12.5
53:59.2,186,395.8,19.1,0.57,0.13,0.08,36,12.4
03:59.2,187,395.4,18.9,0.5,0.07,0.1,38,12.5
13:59.2,188,394.6,19,0.52,0.11,0.05,39,12.6
23:59.2,189,393.5,19,0.51,0.11,0.06,37,12.5
33:59.2,190,392.5,18.9,0.52,0.13,0.07,41,12.7
43:59.2,191,394.1,19,0.47,0.08,0.07,38,12.6
53:59.2,192,396,19,0.51,0.11,0.07,39,12.3
03:59.2,193,395,19,0.53,0.14,0.09,39,12.4
13:59.2,194,392.8,19,0.46,0.07,0.02,38,12.6
23:59.2,195,394.9,18.9,0.49,0.06,0.03,36,12.1
33:59.2,196,395.1,19.1,0.47,0.05,0.05,38,12.5
43:59.2,197,393.2,19,0.49,0.1,0.08,40,12.3
53:59.2,198,394.7,19.1,0.48,0.05,0.04,38,12.4
03:59.2,199,394.5,19.1,0.47,0.08,0.02,37,12.5
13:59.2,200,392.6,19.2,0.49,0.1,0.07,40,12.4
23:59.2,201,394.8,19.1,0.52,0.1,0.07,38,12.4
33:59.2,202,395,19.1,0.48,0.1,0.05,38,12.3
43:59.2,203,395.7,19.1,0.5,0.1,0.05,38,12.8
53:59.2,204,395.5,19.2,0.46,0.11,0.05,39,12.8
03:59.2,205,391.8,19,0.47,0.07,0.06,42,12.3
13:59.2,206,392.3,19,0.51,0.08,0.06,39,12.7
23:59.2,207,394.4,19,0.53,0.08,0.08,40,12.5
33:59.2,208,394.2,19,0.52,0.11,0.02,37,12.5
43:59.2,209,394.1,19,0.51,0.11,0.05,37,12.5
53:59.2,210,399,19.4,0.52,0.11,0.05,38,12.4
03:59.2,211,394,19,0.51,0.12,0.06,38,12.7
13:59.2,212,394.7,19.1,0.55,0.08,0.06,37,12.5
23:59.2,213,394.3,19.1,0.57,0.14,0.08,38,12.5
33:59.2,214,393.7,19.2,0.55,0.13,0.04,39,12.3
43:59.2,215,392.1,19.1,0.56,0.12,0.07,39,12.4
53:59.2,216,393.6,19.3,0.58,0.14,0.08,39,12.3
03:59.2,217,391.1,19,0.57,0.07,0.1,39,12.5
13:59.2,218,391.8,19.1,0.59,0.1,0.07,37,12.4
23:59.2,219,391.3,19,0.64,0.1,0.09,38,12.5
33:59.2,220,392,19.3,0.6,0.12,0.05,36,12.8
43:59.2,221,395.2,19.1,0.61,0.09,0.04,41,12.7
53:59.2,222,388.8,19,0.61,0.13,0.09,38,12.5
03:59.2,223,392.5,19.2,0.65,0.14,0.08,38,12.5
13:59.2,224,388.9,19.1,0.64,0.13,0.1,37,12.8
23:59.2,225,390.5,19.1,0.63,0.12,0.06,43,12.6
33:59.2,226,392.7,19.1,0.68,0.1,0.09,37,12.5
43:59.2,227,391.1,19.1,0.69,0.11,0.11,38,12.4
53:59.2,228,389.2,19,0.65,0.14,0.09,39,12.6
03:59.2,229,389.7,19.2,0.63,0.13,0.08,39,12.7
13:59.2,230,391.7,19.4,0.7,0.12,0.09,40,12.5
23:59.2,231,389.4,19,0.66,0.11,0.06,41,12.6
33:59.2,232,390.8,19,0.7,0.08,0.11,39,12.5
43:59.2,233,390.4,19.1,0.64,0.1,0.07,37,12.6
53:59.2,234,389.3,19.4,0.7,0.16,0.1,38,12.2
03:59.2,235,393.4,19.1,0.66,0.09,0.06,39,12.6
13:59.2,236,391.1,19.3,0.7,0.13,0.07,42,12.7
23:59.2,237,387,19.2,0.68,0.14,0.11,37,12.5
33:59.2,238,390.3,19.1,0.66,0.1,0.08,41,12.6
43:59.2,239,389,19.2,0.67,0.13,0.11,39,12.5
53:59.2,240,391.2,19.3,0.69,0.14,0.09,40,12.7
03:59.2,241,388.7,19.1,0.67,0.12,0.06,39,12.6
13:59.2,242,389.7,19.1,0.68,0.18,0.1,38,12.5
23:59.2,243,390.6,19.1,0.7,0.09,0.08,41,12.8
33:59.2,244,391.1,19.1,0.63,0.14,0.09,40,12.7
43:59.2,245,388,19,0.68,0.12,0.09,41,12.5
53:59.2,246,389.3,19,0.65,0.13,0.06,40,12.7
03:59.2,247,389.1,19.2,0.62,0.12,0.08,39,12.7
13:59.2,248,388.9,19.1,0.6,0.1,0.11,37,12.7
23:59.2,249,392.6,19.3,0.62,0.12,0.09,41,12.4
33:59.2,250,390.6,19.1,0.63,0.08,0.08,41,12.8
43:59.2,251,388.1,19.2,0.6,0.12,0.09,39,12.5
53:59.2,252,391.5,19.3,0.63,0.12,0.08,39,12.6
03:59.2,253,393.3,19.1,0.56,0.12,0.08,40,13
13:59.2,254,391.8,19.3,0.58,0.13,0.06,38,12.7
23:59.2,255,388.1,19.3,0.55,0.11,0.08,39,12.6
33:59.2,256,389.7,19.1,0.57,0.11,0.09,39,12.3
43:59.2,257,392.5,19.5,0.57,0.09,0.06,40,12.8
53:59.2,258,389.6,19.3,0.54,0.09,0.09,40,12.4
03:59.2,259,391.5,19.2,0.49,0.12,0.07,38,12.5
13:59.2,260,392.1,19.3,0.54,0.13,0.06,44,12.6
23:59.2,261,389.7,19.3,0.53,0.1,0.09,43,12.9
33:59.2,262,391.2,19.3,0.53,0.1,0.07,40,12.8
43:59.2,263,386.6,19.2,0.54,0.09,0.08,42,12.6
53:59.2,264,390.1,19.2,0.49,0.12,0.06,42,12.7
03:59.2,265,391.4,19.3,0.52,0.11,0.07,43,12.6
13:59.2,266,390.1,19.1,0.52,0.14,0.08,40,12.7
23:59.2,267,394.6,19.4,0.46,0.08,0.07,43,12.7
33:59.2,268,390.2,19.2,0.5,0.09,0.04,41,12.8
43:59.2,269,391.9,19.3,0.48,0.1,0.05,40,12.8
53:59.2,270,393,19.5,0.49,0.11,0.08,43,12.7
03:59.2,271,395.2,19.6,0.5,0.09,0.07,44,12.6
13:59.2,272,391.1,19.4,0.48,0.08,0.06,46,12.8
23:59.2,273,395.3,19.4,0.48,0.11,0.05,41,12.7
33:59.2,274,393.8,19.4,0.5,0.11,0.05,44,12.5
43:59.2,275,392.6,19.5,0.48,0.08,0.04,42,12.6
53:59.2,276,395,19.5,0.48,0.12,0.07,44,12.7
03:59.2,277,394.9,19.7,0.52,0.13,0.06,41,12.8
13:59.2,278,394,19.5,0.49,0.1,0.05,41,12.7
23:59.2,279,395.2,19.5,0.53,0.11,0.07,42,12.5
33:59.2,280,394.8,19.5,0.53,0.12,0.08,43,12.7
43:59.2,281,395.9,19.5,0.49,0.08,0.1,42,12.7
53:59.2,282,397,19.5,0.52,0.1,0.05,44,12.7
03:59.2,283,398.6,19.7,0.57,0.07,0.09,45,12.8
13:59.2,284,394.7,19.6,0.53,0.12,0.09,45,12.9
23:59.2,285,400.1,19.6,0.55,0.08,0.06,46,12.6
33:59.2,286,394.2,19.4,0.58,0.14,0.08,45,12.6
43:59.2,287,397.2,19.4,0.59,0.11,0.07,42,12.6
53:59.2,288,398.6,19.7,0.58,0.11,0.08,46,12.8
03:59.2,289,398.5,19.5,0.58,0.1,0.1,43,12.9
13:59.2,290,397.4,19.4,0.63,0.12,0.09,46,12.7
23:59.2,291,398.3,19.7,0.65,0.15,0.09,47,12.7
33:59.2,292,398.2,19.9,0.64,0.07,0.08,45,12.9
43:59.2,293,398.3,19.7,0.63,0.15,0.06,43,12.8
53:59.2,294,400.8,19.8,0.62,0.13,0.08,44,12.8
03:59.2,295,400.3,19.7,0.63,0.1,0.1,47,12.6
13:59.2,296,399.1,19.7,0.66,0.1,0.06,45,12.8
23:59.2,297,401.7,19.9,0.67,0.16,0.07,45,12.6
33:59.2,298,401.1,19.7,0.69,0.11,0.09,47,12.6
43:59.2,299,402.2,19.8,0.68,0.11,0.08,47,12.7
53:59.2,300,402.2,19.8,0.65,0.15,0.07,46,12.7
03:59.2,301,400.3,19.7,0.7,0.14,0.09,45,12.7
13:59.2,302,400.9,19.9,0.67,0.11,0.07,45,12.5
23:59.2,303,403.1,19.8,0.68,0.13,0.08,47,12.9
33:59.2,304,403.2,19.8,0.7,0.11,0.1,47,12.9
43:59.2,305,402.5,19.9,0.73,0.16,0.08,46,12.5
53:59.2,306,403,19.8,0.76,0.16,0.07,48,12.9
03:59.2,307,404.9,19.9,0.71,0.14,0.08,46,12.6
13:59.2,308,402.4,19.9,0.69,0.14,0.1,45,12.9
23:59.2,309,404.3,20,0.71,0.17,0.09,46,12.8
33:59.2,310,403.4,19.9,0.71,0.13,0.09,45,12.8
43:59.2,311,403.6,19.9,0.68,0.11,0.09,47,12.7
53:59.2,312,405.7,20.1,0.72,0.15,0.07,49,13
03:59.2,313,405.5,20.1,0.69,0.17,0.1,46,12.6
13:59.2,314,405.7,20,0.69,0.11,0.1,48,12.9
23:59.2,315,406.6,20,0.69,0.12,0.09,46,13
33:59.2,316,404.9,19.8,0.68,0.14,0.11,47,12.9
43:59.2,317,406,19.9,0.68,0.13,0.07,45,13.1
53:59.2,318,404.7,19.9,0.64,0.11,0.1,47,12.7
03:59.2,319,405.8,20,0.64,0.15,0.09,48,12.9
13:59.2,320,405.2,20,0.62,0.17,0.08,49,12.8
23:59.2,321,405.7,20,0.64,0.13,0.09,48,13
33:59.2,322,406.5,20.1,0.64,0.11,0.09,46,12.8
43:59.2,323,404.5,20,0.62,0.09,0.1,50,12.7
53:59.2,324,409,20.2,0.64,0.13,0.07,49,13
03:59.2,325,404.4,20,0.6,0.14,0.07,49,12.7
13:59.2,326,404.2,19.8,0.6,0.13,0.1,48,12.6
23:59.2,327,407.8,20,0.56,0.11,0.07,48,12.7
33:59.2,328,407.3,20.1,0.57,0.1,0.09,49,12.9
43:59.2,329,407.1,20,0.58,0.1,0.11,49,13
53:59.2,330,407.1,20.2,0.57,0.13,0.08,46,12.8
03:59.2,331,406.2,20.2,0.54,0.13,0.09,48,13
13:59.2,332,404.9,20.2,0.54,0.08,0.06,49,12.6
23:59.2,333,406.4,20.1,0.51,0.14,0.09,49,12.8
33:59.2,334,405.2,20.2,0.52,0.12,0.08,51,12.8
43:59.2,335,407.7,20.2,0.54,0.14,0.09,48,12.8
53:59.2,336,406,20.1,0.53,0.08,0.07,49,12.9
03:59.2,337,405,20,0.52,0.08,0.05,49,12.9
13:59.2,338,405.7,20.1,0.51,0.1,0.08,48,12.8
23:59.2,339,406.8,20.1,0.51,0.12,0.04,49,12.9
33:59.2,340,405.2,20.1,0.49,0.14,0.07,51,12.8
43:59.2,341,404.8,20.1,0.52,0.12,0.09,48,12.7
53:59.2,342,406.3,20.1,0.51,0.1,0.08,50,12.8
03:59.2,343,406.3,20.2,0.51,0.09,0.11,47,12.8
13:59.2,344,405.1,20.2,0.49,0.13,0.09,49,12.8
23:59.2,345,405,20.2,0.46,0.08,0.06,49,12.9
33:59.2,346,406,20,0.53,0.14,0.08,52,12.9
43:59.2,347,403.4,19.8,0.5,0.1,0.07,50,12.8
53:59.2,348,403.3,20.2,0.49,0.14,0.05,47,13.1
03:59.2,349,404.3,20,0.53,0.13,0.06,47,12.7
13:59.2,350,404.9,20.1,0.51,0.11,0.07,50,12.8
23:59.2,351,405.6,20.1,0.55,0.1,0.05,51,13.3
33:59.2,352,407.2,20,0.54,0.11,0.08,51,12.7
43:59.2,353,406.2,20.2,0.55,0.12,0.08,50,12.7
53:59.2,354,404.5,20.2,0.52,0.11,0.05,52,13
03:59.2,355,404.6,20.1,0.58,0.11,0.09,49,12.6
13:59.2,356,403,19.9,0.57,0.11,0.09,52,12.9
23:59.2,357,404.3,20.1,0.56,0.12,0.09,48,13.2
33:59.2,358,403.8,20.2,0.58,0.08,0.08,49,12.7
43:59.2,359,404.6,20,0.55,0.13,0.09,48,12.6
53:59.2,360,402.7,20.1,0.6,0.1,0.1,50,12.7
03:59.2,361,404.6,20.2,0.58,0.1,0.09,50,13
13:59.2,362,406,20.3,0.59,0.09,0.07,51,13.1
23:59.2,363,403.4,20.2,0.59,0.09,0.09,51,12.8
33:59.2,364,404,20.1,0.65,0.1,0.11,49,13
43:59.2,365,404.3,20.3,0.63,0.11,0.08,50,13.1
53:59.2,366,402.5,20.1,0.68,0.17,0.13,48,13.2
03:59.2,367,403.3,20.2,0.64,0.12,0.08,52,12.9
13:59.2,368,402.9,20.1,0.63,0.13,0.09,50,12.6
23:59.2,369,402.9,20.1,0.65,0.14,0.08,50,12.8
33:59.2,370,401.4,20,0.7,0.14,0.1,53,12.9
43:59.2,371,402.5,20.2,0.68,0.13,0.07,49,12.9
53:59.2,372,403.1,20.4,0.68,0.11,0.09,49,12.9
03:59.2,373,404.4,20.1,0.7,0.17,0.08,49,13.1
13:59.2,374,403.6,20.1,0.71,0.18,0.1,50,13.1
23:59.2,375,405.3,20.4,0.72,0.11,0.11,51,12.9
33:59.2,376,400.8,20.1,0.73,0.12,0.11,51,13.1
43:59.2,377,403.2,20.2,0.7,0.13,0.06,54,13
53:59.2,378,402.1,20.3,0.68,0.12,0.13,47,13
03:59.2,379,405,20.2,0.7,0.15,0.1,51,13.1
13:59.2,380,400.4,20.3,0.71,0.13,0.09,49,13
23:59.2,381,400.3,20.2,0.69,0.18,0.1,49,13.3
33:59.2,382,400.6,20.1,0.68,0.16,0.1,49,12.7
43:59.2,383,398.3,20.3,0.71,0.15,0.09,49,12.9
53:59.2,384,400.6,20.1,0.7,0.16,0.1,53,12.9
03:59.2,385,400.3,20.3,0.69,0.16,0.09,51,13
13:59.2,386,401.6,20.3,0.67,0.13,0.09,50,13.2
23:59.2,387,401.9,20.4,0.68,0.12,0.09,52,13
33:59.2,388,404.2,20.5,0.66,0.14,0.07,48,12.8
43:59.2,389,402.8,20.3,0.69,0.16,0.1,48,13.1
53:59.2,390,400.5,20.1,0.69,0.14,0.11,47,13.1
03:59.2,391,400,20.2,0.62,0.1,0.1,49,12.7
13:59.2,392,402.1,20.2,0.63,0.12,0.1,50,13
23:59.2,393,399.5,20.4,0.61,0.13,0.09,50,12.7
33:59.2,394,404.2,20.4,0.62,0.13,0.08,50,12.9
43:59.2,395,403.3,20.3,0.62,0.17,0.1,47,12.8
53:59.2,396,400.9,20.3,0.59,0.1,0.07,51,13.1
03:59.2,397,399.1,20.1,0.59,0.14,0.07,50,13
13:59.2,398,403.8,20.3,0.58,0.15,0.07,51,12.8
23:59.2,399,401.7,20.4,0.6,0.17,0.1,47,13.1
33:59.2,400,403.8,20.3,0.59,0.12,0.1,50,12.8
43:59.2,401,399.7,20.1,0.56,0.13,0.09,47,13
53:59.2,402,401.3,20.3,0.57,0.13,0.1,49,12.9
03:59.2,403,402.3,20.4,0.55,0.12,0.07,50,13
13:59.2,404,402.5,20.4,0.55,0.12,0.09,49,13.1
23:59.2,405,401.9,20.4,0.58,0.13,0.09,48,13.1
33:59.2,406,403.7,20.3,0.57,0.07,0.1,49,13.2
43:59.2,407,401.3,20.2,0.51,0.13,0.08,46,13
53:59.2,408,402.9,20.5,0.55,0.12,0.08,50,13.1
03:59.2,409,403.5,20.4,0.54,0.11,0.09,48,13
13:59.2,410,404.3,20.4,0.5,0.15,0.09,50,13
23:59.2,411,404.8,20.6,0.53,0.11,0.07,48,13.1
33:59.2,412,402.2,20.4,0.55,0.11,0.08,48,13
43:59.2,413,401.8,20.4,0.49,0.15,0.06,47,12.8
53:59.2,414,406.3,20.7,0.49,0.1,0.04,50,13.1
03:59.2,415,405.1,20.4,0.53,0.11,0.09,47,13.1
13:59.2,416,403.7,20.5,0.52,0.11,0.09,49,12.9
23:59.2,417,407.4,20.6,0.52,0.13,0.09,47,12.8
33:59.2,418,405.5,20.5,0.52,0.12,0.05,45,13.3
43:59.2,419,407.3,20.7,0.53,0.09,0.08,47,13.1
53:59.2,420,405.9,20.6,0.5,0.1,0.05,46,13
03:59.2,421,409.2,20.7,0.55,0.11,0.11,48,12.9
13:59.2,422,409,20.7,0.55,0.12,0.07,46,12.9
23:59.2,423,406.3,20.5,0.53,0.13,0.1,49,13.3
33:59.2,424,408.4,20.5,0.54,0.13,0.1,47,13.1
43:59.2,425,408.2,20.5,0.52,0.08,0.07,47,13
53:59.2,426,409.5,20.5,0.57,0.15,0.07,48,13.1
03:59.2,427,406.3,20.8,0.58,0.13,0.09,48,12.9
13:59.2,428,409.1,20.5,0.57,0.15,0.08,47,13.3
23:59.2,429,410,20.7,0.6,0.14,0.09,46,13.3
33:59.2,430,406,20.5,0.58,0.15,0.08,44,13
43:59.2,431,407.2,20.6,0.61,0.14,0.07,46,13
53:59.2,432,406.2,20.7,0.59,0.16,0.06,46,12.7
03:59.2,433,409.2,20.8,0.61,0.14,0.1,47,12.9
13:59.2,434,410.9,20.7,0.62,0.13,0.08,46,12.9
23:59.2,435,412.4,20.8,0.64,0.18,0.09,47,13.1
33:59.2,436,410.6,20.8,0.63,0.15,0.11,45,13
43:59.2,437,413.2,20.8,0.65,0.15,0.11,46,12.9
53:59.2,438,409,20.9,0.67,0.12,0.09,48,13.1
03:59.2,439,408.8,20.8,0.66,0.11,0.09,46,13.2
13:59.2,440,411.5,20.9,0.64,0.14,0.1,46,13.2
23:59.2,441,412.5,20.9,0.72,0.15,0.08,45,12.8
33:59.2,442,412.1,20.9,0.71,0.14,0.11,45,13.1
43:59.2,443,409.4,20.8,0.67,0.14,0.11,44,12.9
53:59.2,444,412.6,20.7,0.71,0.18,0.11,45,13.2
03:59.2,445,411.1,20.8,0.69,0.16,0.07,46,13.2
13:59.2,446,414.3,20.8,0.71,0.13,0.09,45,13
23:59.2,447,414.1,20.9,0.72,0.15,0.09,43,13
33:59.2,448,412.4,20.9,0.71,0.13,0.1,48,13
43:59.2,449,413.3,21,0.7,0.14,0.11,45,12.8
53:59.2,450,412.7,20.9,0.7,0.14,0.13,43,13.2
03:59.2,451,414.4,21,0.7,0.14,0.09,44,13.1
13:59.2,452,416.2,21.2,0.7,0.12,0.1,45,13.3
23:59.2,453,413.5,20.9,0.71,0.15,0.12,47,13
33:59.2,454,416,21.3,0.7,0.14,0.11,43,13
43:59.2,455,414.6,21,0.73,0.09,0.12,46,12.9
53:59.2,456,414.4,20.8,0.74,0.19,0.11,47,13
03:59.2,457,415.6,21.1,0.69,0.17,0.08,43,13
13:59.2,458,414.4,21,0.71,0.14,0.08,44,13.3
23:59.2,459,415.3,21.1,0.71,0.15,0.08,43,13
33:59.2,460,414.5,21,0.7,0.12,0.11,44,13.2
43:59.2,461,419.4,21.1,0.68,0.18,0.12,44,13.1
53:59.2,462,416.7,20.9,0.69,0.19,0.13,45,13
03:59.2,463,415.7,21,0.68,0.15,0.11,46,13.1
13:59.2,464,417.2,21,0.64,0.16,0.11,43,13.2
23:59.2,465,416.9,21,0.67,0.15,0.09,41,13
33:59.2,466,416.8,21.1,0.66,0.12,0.08,44,13.3
43:59.2,467,418.2,21.3,0.62,0.13,0.11,44,13
53:59.2,468,418.5,21.2,0.63,0.14,0.1,44,13.1
03:59.2,469,416.6,21,0.63,0.13,0.1,43,13.2
13:59.2,470,416.7,21.1,0.61,0.13,0.1,44,13.1
23:59.2,471,417.2,21.2,0.62,0.14,0.1,46,13.2
33:59.2,472,414.2,21,0.64,0.14,0.12,44,13.1
43:59.2,473,415.4,21.1,0.57,0.13,0.11,43,13.2
53:59.2,474,419.8,21.2,0.55,0.11,0.1,42,12.8
03:59.2,475,420.2,21.1,0.58,0.12,0.1,43,12.9
13:59.2,476,417.4,21.2,0.58,0.11,0.1,46,13.3
23:59.2,477,418.6,21.2,0.55,0.15,0.08,43,13.3
33:59.2,478,418.2,21.2,0.58,0.09,0.1,43,13.1
43:59.2,479,422.4,21.2,0.52,0.15,0.07,42,13.2
53:59.2,480,419.4,21.2,0.55,0.16,0.11,45,13.2
03:59.2,481,417.5,21.2,0.52,0.12,0.07,46,13.3
13:59.2,482,416.3,21.1,0.57,0.08,0.1,44,12.9
23:59.2,483,415.2,21.3,0.57,0.12,0.08,43,13.1
33:59.2,484,417.9,21.2,0.51,0.12,0.09,43,13.2
43:59.2,485,416.4,21.2,0.51,0.1,0.09,39,13.3
53:59.2,486,415.4,21.2,0.54,0.12,0.07,44,13.6
03:59.2,487,416.4,21,0.52,0.15,0.09,43,13.2
13:59.2,488,415.7,21,0.52,0.14,0.08,43,13
23:59.2,489,419.8,21.1,0.53,0.11,0.1,42,13.3
33:59.2,490,418.5,21.4,0.49,0.09,0.08,42,13.4
43:59.2,491,417.1,21.2,0.53,0.12,0.09,42,13.2
53:59.2,492,419.2,21.5,0.52,0.12,0.07,44,13.1
03:59.2,493,417,21.2,0.53,0.14,0.08,42,13.4
13:59.2,494,415.5,21.2,0.57,0.12,0.09,46,13.3
23:59.2,495,418.9,21.4,0.52,0.14,0.1,43,13.1
33:59.2,496,417.3,21.4,0.57,0.17,0.12,41,13.3
43:59.2,497,414.8,21.4,0.55,0.15,0.08,42,13.4
53:59.2,498,416,21.3,0.56,0.13,0.11,42,13.4
03:59.2,499,414.8,21.3,0.59,0.13,0.06,39,13.2
13:59.2,500,413.9,21.2,0.59,0.13,0.08,45,13.2
23:59.2,501,417.3,21.3,0.6,0.16,0.08,44,13.4
33:59.2,502,418.6,21.3,0.62,0.13,0.08,43,13.1
43:59.2,503,413.5,21.1,0.6,0.14,0.07,43,13.3
53:59.2,504,416.3,21.3,0.6,0.14,0.1,40,13.1
03:59.2,505,414.3,21.2,0.6,0.13,0.09,42,13.4
13:59.2,506,414.5,21.2,0.62,0.11,0.1,44,13.2
23:59.2,507,414.2,21.3,0.7,0.16,0.12,41,13.5
33:59.2,508,413.6,21.3,0.68,0.15,0.11,39,13.3
43:59.2,509,414.8,21.2,0.63,0.15,0.11,42,13.1
53:59.2,510,413.4,21.3,0.64,0.13,0.1,42,13.5
03:59.2,511,414.9,21.1,0.69,0.18,0.09,43,13.5
13:59.2,512,414.3,21.2,0.69,0.14,0.12,44,13.4
23:59.2,513,413.9,21.2,0.7,0.19,0.1,44,13.2
33:59.2,514,412.8,21,0.69,0.12,0.09,43,13.2
43:59.2,515,413.1,21.2,0.7,0.16,0.1,45,13.3
53:59.2,516,415,21.3,0.72,0.17,0.09,41,13.2
03:59.2,517,414.5,21.4,0.72,0.14,0.1,44,13.5
13:59.2,518,412.2,21.3,0.67,0.16,0.11,44,13.3
23:59.2,519,413.7,21.1,0.72,0.18,0.11,41,12.9
33:59.2,520,414.6,21.5,0.71,0.11,0.09,41,13.3
43:59.2,521,410.9,21.3,0.73,0.17,0.1,42,13.2
53:59.2,522,414.1,21.3,0.79,0.12,0.13,42,13.3
03:59.2,523,412.2,21.2,0.74,0.14,0.12,44,13.2
13:59.2,524,414,21.2,0.72,0.19,0.14,42,13.4
23:59.2,525,411.9,21.2,0.75,0.15,0.13,42,13.5
33:59.2,526,410.3,21.3,0.73,0.14,0.13,42,13.4
43:59.2,527,410.5,21.4,0.73,0.16,0.09,45,13.3
53:59.2,528,413,21.4,0.73,0.2,0.12,44,13.3
03:59.2,529,413.3,21.2,0.76,0.13,0.11,43,13.3
13:59.2,530,411.5,21.1,0.69,0.13,0.1,43,13.2
23:59.2,531,413.8,21.3,0.72,0.19,0.11,46,13.4
33:59.2,532,410.4,21,0.68,0.19,0.12,43,13.4
43:59.2,533,412.8,21.3,0.71,0.15,0.12,46,13.6
53:59.2,534,411.1,21.2,0.67,0.13,0.09,44,13.5
03:59.2,535,411.9,21.2,0.67,0.19,0.12,44,13.2
13:59.2,536,413,21.2,0.67,0.18,0.1,48,13.5
23:59.2,537,411.7,21.3,0.68,0.17,0.11,43,13.2
33:59.2,538,412.4,21.3,0.67,0.14,0.1,44,13.4
43:59.2,539,414.6,21.3,0.62,0.14,0.1,43,13.3
53:59.2,540,412.3,21,0.64,0.14,0.11,46,13.2
03:59.2,541,414.5,21.4,0.62,0.15,0.08,47,13.4
13:59.2,542,411.6,21.5,0.6,0.17,0.13,47,13
23:59.2,543,414.2,21.6,0.61,0.16,0.07,47,13.1
33:59.2,544,415.6,21.4,0.6,0.12,0.09,45,13.3
43:59.2,545,409.9,21.2,0.65,0.18,0.11,44,13.4
53:59.2,546,412.5,21.4,0.6,0.15,0.11,43,13.3
03:59.2,547,414.7,21.3,0.55,0.15,0.09,48,13.1
13:59.2,548,413.7,21.4,0.56,0.17,0.09,46,13.2
23:59.2,549,414.7,21.5,0.59,0.12,0.1,45,13.4
33:59.2,550,413.4,21.5,0.6,0.14,0.1,47,13.5
43:59.2,551,414.6,21.4,0.52,0.12,0.11,44,13.4
53:59.2,552,414.4,21.4,0.51,0.1,0.1,46,13.6
03:59.2,553,416.6,21.4,0.58,0.15,0.11,46,13.4
13:59.2,554,415.4,21.4,0.55,0.19,0.08,47,13.3
23:59.2,555,415.7,21.5,0.52,0.09,0.09,46,13.3
33:59.2,556,414.8,21.5,0.55,0.13,0.09,44,13.2
43:59.2,557,414.9,21.6,0.48,0.14,0.07,46,13.4
53:59.2,558,415.2,21.4,0.53,0.14,0.1,48,13.6
03:59.2,559,416.7,21.7,0.54,0.13,0.09,46,13.5
13:59.2,560,415.7,21.5,0.55,0.11,0.11,48,13.6
23:59.2,561,417,21.6,0.52,0.14,0.08,45,13.4
33:59.2,562,419.9,21.6,0.54,0.12,0.12,47,13.6
43:59.2,563,418.4,21.4,0.52,0.09,0.08,46,13.4
53:59.2,564,416.9,21.7,0.55,0.16,0.1,48,13.6
03:59.2,565,419.4,21.7,0.53,0.15,0.11,47,13.4
13:59.2,566,417.3,21.6,0.54,0.14,0.09,48,13.5
23:59.2,567,415.1,21.5,0.54,0.14,0.11,49,13.6
33:59.2,568,416.9,21.6,0.58,0.16,0.08,49,13.4
43:59.2,569,415.9,21.4,0.59,0.15,0.12,48,13.5
53:59.2,570,418.5,21.6,0.57,0.16,0.1,46,13.6
03:59.2,571,419.3,21.8,0.59,0.14,0.09,48,13.4
13:59.2,572,422.1,21.6,0.56,0.17,0.09,47,13.2
23:59.2,573,420.4,21.8,0.6,0.15,0.11,48,13.8
33:59.2,574,419.9,21.6,0.61,0.15,0.09,48,13.4
43:59.2,575,421.7,21.8,0.67,0.13,0.1,47,13.5
53:59.2,576,417.5,21.6,0.61,0.15,0.1,46,13.6
03:59.2,577,421.4,21.6,0.67,0.14,0.09,48,13.3
13:59.2,578,422.5,21.9,0.67,0.14,0.14,49,13.3
23:59.2,579,419.5,21.7,0.66,0.14,0.1,47,13.5
33:59.2,580,423.7,21.8,0.7,0.14,0.12,49,13.2
43:59.2,581,422.8,21.9,0.68,0.2,0.11,52,13.4
53:59.2,582,421.9,21.9,0.69,0.19,0.1,51,13.5
03:59.2,583,423.8,21.8,0.69,0.2,0.11,52,13.4
13:59.2,584,426.5,22,0.72,0.14,0.13,50,13.2
23:59.2,585,423.7,21.9,0.72,0.17,0.11,51,13.7
33:59.2,586,424.1,22,0.7,0.13,0.13,49,13.5
43:59.2,587,423.3,21.9,0.69,0.15,0.13,49,13.7
53:59.2,588,423,21.8,0.72,0.15,0.13,46,13.4
03:59.2,589,425.8,21.9,0.71,0.19,0.11,52,13.3
13:59.2,590,423.5,21.9,0.73,0.16,0.1,53,13.5
23:59.2,591,425.2,21.8,0.76,0.19,0.11,50,13.4
33:59.2,592,424.6,21.7,0.73,0.18,0.12,50,13.3
43:59.2,593,426.3,22,0.74,0.21,0.12,49,13.7
53:59.2,594,426.3,22.1,0.74,0.14,0.08,51,13.4
03:59.2,595,427.6,21.8,0.76,0.2,0.12,53,13.2
13:59.2,596,425.5,21.9,0.69,0.18,0.11,48,13.7
23:59.2,597,426.1,22.1,0.73,0.15,0.11,52,13.4
33:59.2,598,425.3,22.2,0.74,0.19,0.14,51,13.4
43:59.2,599,426.3,22,0.76,0.18,0.12,51,13.2
53:59.2,600,427.7,22,0.72,0.16,0.13,52,13.8
03:59.2,601,428.5,22.1,0.69,0.14,0.11,51,13.3
13:59.2,602,426.1,22.2,0.73,0.15,0.13,51,13.5
23:59.2,603,429,22.1,0.7,0.2,0.14,51,13.6
33:59.2,604,429.9,22.1,0.69,0.16,0.13,53,13.6
43:59.2,605,428.6,22.1,0.69,0.18,0.1,53,13.5
53:59.2,606,431,22.1,0.69,0.15,0.11,52,13.3
03:59.2,607,427.1,22.1,0.68,0.14,0.11,50,13.4
13:59.2,608,426.6,22.2,0.64,0.18,0.11,52,13.5
23:59.2,609,425.9,22.1,0.69,0.14,0.12,54,13.4
33:59.2,610,430.9,22.2,0.69,0.15,0.1,52,13.6
43:59.2,611,429.8,22.2,0.67,0.16,0.11,54,13.6
53:59.2,612,428.8,22,0.63,0.15,0.08,55,13.7
03:59.2,613,429.4,22.3,0.64,0.15,0.13,54,13.3
13:59.2,614,427.3,22.1,0.63,0.16,0.1,53,13.9
23:59.2,615,432.8,22.3,0.64,0.17,0.11,52,13.7
33:59.2,616,429.4,22.5,0.63,0.17,0.1,49,13.5
43:59.2,617,429.4,22.2,0.59,0.13,0.12,53,13.7
53:59.2,618,430.3,22.2,0.6,0.14,0.06,53,13.9
03:59.2,619,430,22.2,0.6,0.17,0.1,54,13.3
13:59.2,620,429.6,22.3,0.61,0.17,0.1,53,13.5
23:59.2,621,428.1,22.2,0.59,0.12,0.1,53,13.2
33:59.2,622,430,22.1,0.59,0.15,0.13,51,13.6
43:59.2,623,432.1,22.4,0.57,0.11,0.09,52,13.6
53:59.2,624,431.3,22.2,0.59,0.15,0.12,54,13.6
03:59.2,625,431.6,22.5,0.57,0.18,0.11,56,13.5
13:59.2,626,428.5,22.3,0.54,0.12,0.12,54,13.3
23:59.2,627,427.7,22.2,0.58,0.13,0.09,54,13.6
33:59.2,628,428.9,22.4,0.56,0.16,0.09,55,13.8
43:59.2,629,429.2,22.3,0.54,0.11,0.12,53,13.5
53:59.2,630,430.6,22.4,0.54,0.13,0.1,55,13.6
03:59.2,631,426.4,22.2,0.55,0.15,0.08,53,13.3
13:59.2,632,431.2,22.3,0.55,0.13,0.09,55,13.6
23:59.2,633,428.5,22.2,0.55,0.14,0.11,54,13.5
33:59.2,634,428,22.4,0.55,0.16,0.11,55,13.5
43:59.2,635,427.1,22.2,0.59,0.16,0.09,53,13.5
53:59.2,636,426,22.2,0.58,0.15,0.06,55,13.5
03:59.2,637,429.6,22.2,0.56,0.14,0.11,57,13.6
13:59.2,638,428.4,22.3,0.58,0.16,0.09,53,13.4
23:59.2,639,426.2,22.4,0.55,0.14,0.07,54,13.5
33:59.2,640,426.1,22.1,0.58,0.16,0.06,55,13.6
43:59.2,641,427.4,22.3,0.62,0.14,0.12,56,13.4
53:59.2,642,430.3,22.5,0.58,0.15,0.11,54,13.9
03:59.2,643,427.3,22.3,0.58,0.13,0.1,50,13.5
13:59.2,644,425.3,22.3,0.59,0.15,0.13,57,13.5
23:59.2,645,427,22.2,0.59,0.13,0.11,56,13.5
33:59.2,646,426.8,22.3,0.61,0.13,0.13,52,13.9
43:59.2,647,423.1,22.2,0.62,0.16,0.09,54,13.7
53:59.2,648,426.9,22.4,0.61,0.16,0.11,57,13.5
03:59.2,649,426.5,22.4,0.65,0.18,0.09,57,13.8
13:59.2,650,427.7,22.6,0.67,0.15,0.11,56,13.7
23:59.2,651,429.3,22.4,0.65,0.17,0.11,54,13.7
33:59.2,652,428.1,22.4,0.7,0.18,0.13,55,13.6
43:59.2,653,425.9,22.3,0.69,0.18,0.12,55,13.5
53:59.2,654,424.5,22.2,0.71,0.15,0.13,56,13.7
03:59.2,655,429.9,22.5,0.68,0.17,0.13,53,13.6
13:59.2,656,426,22.3,0.72,0.18,0.15,54,13.9
23:59.2,657,425.8,22.3,0.69,0.17,0.11,56,13.4
33:59.2,658,425.6,22.4,0.74,0.13,0.11,55,13.9
43:59.2,659,425.8,22.2,0.73,0.18,0.12,57,13.6
53:59.2,660,425.2,22.4,0.74,0.22,0.11,54,13.7
03:59.2,661,424.4,22.4,0.71,0.16,0.14,55,13.8
13:59.2,662,424.4,22.3,0.72,0.16,0.12,53,13.6
23:59.2,663,425,22.1,0.76,0.18,0.11,55,13.8
33:59.2,664,424.2,22.2,0.73,0.18,0.11,52,13.3
43:59.2,665,423.8,22.4,0.76,0.2,0.13,54,13.6
53:59.2,666,425,22.3,0.72,0.15,0.12,52,13.5
03:59.2,667,424.4,22.2,0.77,0.19,0.11,56,13.5
13:59.2,668,426.9,22.3,0.73,0.18,0.15,56,13.6
23:59.2,669,420.6,22.3,0.76,0.18,0.11,52,13.7
33:59.2,670,426.2,22.4,0.76,0.19,0.12,57,13.8
43:59.2,671,426.4,22.4,0.73,0.19,0.13,58,13.7
53:59.2,672,421.4,22.2,0.75,0.19,0.1,55,13.6
03:59.2,673,423.9,22.3,0.74,0.15,0.13,53,13.7
13:59.2,674,423.8,22.2,0.72,0.19,0.1,59,13.7
23:59.2,675,422.3,22.4,0.71,0.17,0.13,52,13.8
33:59.2,676,423.2,22.3,0.68,0.17,0.1,54,13.8
43:59.2,677,422.7,22.4,0.72,0.17,0.13,55,13.7
53:59.2,678,427,22.6,0.68,0.16,0.13,56,13.6
03:59.2,679,425.8,22.5,0.7,0.19,0.13,55,13.6
13:59.2,680,426.3,22.4,0.69,0.17,0.12,53,13.6
23:59.2,681,425.6,22.5,0.7,0.15,0.12,53,13.7
33:59.2,682,422.8,22.3,0.67,0.16,0.11,53,13.7
43:59.2,683,423.8,22.3,0.66,0.17,0.14,52,13.8
53:59.2,684,425.4,22.5,0.68,0.19,0.11,54,13.7
03:59.2,685,422.9,22.2,0.66,0.18,0.1,53,13.7
13:59.2,686,425.9,22.6,0.65,0.15,0.12,51,13.7
23:59.2,687,424.5,22.4,0.64,0.21,0.1,56,13.6
33:59.2,688,424.4,22.4,0.6,0.16,0.09,53,13.6
43:59.2,689,426.2,22.5,0.63,0.19,0.09,52,13.5
53:59.2,690,425.9,22.4,0.62,0.16,0.1,53,13.6
03:59.2,691,424.8,22.5,0.58,0.16,0.11,53,13.8
13:59.2,692,427.3,22.5,0.59,0.17,0.11,51,13.6
23:59.2,693,424,22.5,0.59,0.18,0.12,54,13.7
33:59.2,694,426.7,22.4,0.58,0.18,0.12,52,13.8
43:59.2,695,426.9,22.5,0.58,0.17,0.11,56,13.8
53:59.2,696,425.7,22.7,0.6,0.15,0.11,54,13.6
03:59.2,697,426.8,22.4,0.59,0.14,0.12,52,13.9
13:59.2,698,424.7,22.4,0.54,0.15,0.12,52,13.9
23:59.2,699,428.1,22.6,0.57,0.17,0.11,53,13.6
33:59.2,700,426.7,22.6,0.58,0.15,0.1,54,13.6
43:59.2,701,426.4,22.6,0.56,0.17,0.09,53,13.9
53:59.2,702,429,22.7,0.58,0.18,0.09,52,13.7
03:59.2,703,426.6,22.6,0.6,0.14,0.12,53,13.4
13:59.2,704,425.7,22.6,0.58,0.14,0.12,51,13.5
23:59.2,705,425.8,22.6,0.56,0.15,0.12,52,13.7
33:59.2,706,429.3,22.6,0.58,0.16,0.11,49,13.6
43:59.2,707,426.7,22.6,0.56,0.14,0.13,54,13.7
53:59.2,708,431.5,22.9,0.57,0.18,0.1,52,13.8
03:59.2,709,426,22.6,0.56,0.16,0.12,51,14
13:59.2,710,432,22.7,0.61,0.16,0.11,55,13.7
23:59.2,711,430,22.8,0.56,0.12,0.1,52,13.9
33:59.2,712,429.8,22.7,0.62,0.13,0.12,50,14
43:59.2,713,429.4,22.5,0.6,0.16,0.12,53,14
53:59.2,714,431.1,22.8,0.57,0.11,0.11,52,13.8
03:59.2,715,430.8,22.7,0.61,0.18,0.11,52,13.5
13:59.2,716,432.8,22.8,0.57,0.15,0.11,51,13.9
23:59.2,717,431.6,22.8,0.64,0.23,0.15,52,13.9
33:59.2,718,431.9,22.8,0.65,0.21,0.13,51,13.8
43:59.2,719,431.5,22.9,0.63,0.16,0.12,52,14.1
53:59.2,720,432.2,22.8,0.65,0.17,0.12,48,13.9
03:59.2,721,433.1,22.9,0.7,0.19,0.14,50,13.9
13:59.2,722,430.3,22.7,0.66,0.2,0.12,53,14
23:59.2,723,431.2,22.9,0.65,0.14,0.12,49,13.9
33:59.2,724,434.6,23,0.71,0.14,0.12,50,13.4
43:59.2,725,434,22.8,0.73,0.17,0.12,50,13.7
53:59.2,726,433.8,23,0.7,0.19,0.07,49,14
03:59.2,727,434.4,22.9,0.73,0.19,0.13,47,13.7
13:59.2,728,435.2,23,0.74,0.2,0.12,50,13.8
23:59.2,729,434.1,23,0.71,0.15,0.15,50,13.7
33:59.2,730,434.1,23.1,0.72,0.13,0.12,50,14.1
43:59.2,731,435.8,23,0.76,0.2,0.11,50,14.1
53:59.2,732,434.3,22.9,0.78,0.17,0.13,50,13.7
03:59.2,733,436.7,23,0.76,0.14,0.11,51,13.9
13:59.2,734,433.8,22.9,0.73,0.18,0.13,49,13.7
23:59.2,735,438.1,23.1,0.79,0.21,0.14,49,13.9
33:59.2,736,437.6,22.9,0.75,0.18,0.14,49,13.9
43:59.2,737,437.5,22.9,0.75,0.17,0.12,50,14
53:59.2,738,438.8,23,0.77,0.18,0.13,51,13.9
03:59.2,739,440.1,23.2,0.79,0.18,0.11,48,14.3
13:59.2,740,439.3,23.3,0.78,0.16,0.14,49,13.7
23:59.2,741,435.3,23,0.77,0.17,0.14,49,13.6
33:59.2,742,436.3,23,0.77,0.2,0.14,47,13.8
43:59.2,743,437.5,23.1,0.76,0.19,0.13,49,13.6
53:59.2,744,438.7,23.2,0.76,0.19,0.14,47,13.6
03:59.2,745,439.6,23.1,0.7,0.16,0.15,46,13.7
13:59.2,746,437.9,23.1,0.74,0.18,0.12,49,13.7
23:59.2,747,439.5,23.3,0.74,0.14,0.13,48,13.7
33:59.2,748,438.2,23.2,0.71,0.18,0.11,49,13.9
43:59.2,749,438.6,23.2,0.73,0.21,0.11,48,13.8
53:59.2,750,437.6,23.2,0.72,0.15,0.13,47,13.8
03:59.2,751,438.4,22.9,0.75,0.17,0.14,48,14
13:59.2,752,437.9,23.2,0.74,0.19,0.12,46,13.8
23:59.2,753,438.6,23.1,0.69,0.2,0.12,50,13.8
33:59.2,754,441.8,23.1,0.69,0.17,0.12,46,13.9
43:59.2,755,438.9,23.2,0.68,0.16,0.11,48,13.6
53:59.2,756,444.3,23.5,0.66,0.13,0.12,46,13.5
03:59.2,757,441.2,23.3,0.67,0.18,0.1,49,13.9
13:59.2,758,440.8,23.4,0.64,0.21,0.14,47,14
23:59.2,759,439.3,23.4,0.62,0.17,0.11,47,14.2
33:59.2,760,441.7,23.4,0.65,0.17,0.13,49,13.9
43:59.2,761,439.9,23.4,0.64,0.18,0.1,48,14
53:59.2,762,440.9,23.4,0.61,0.16,0.12,48,13.9
03:59.2,763,444.6,23.4,0.63,0.15,0.13,46,13.9
13:59.2,764,440.7,23.1,0.59,0.18,0.12,45,14.2
23:59.2,765,442.5,23.3,0.61,0.17,0.1,48,13.6
33:59.2,766,439.8,23.2,0.61,0.17,0.12,47,14
43:59.2,767,440.8,23.5,0.59,0.14,0.1,48,14.2
53:59.2,768,443.5,23.4,0.59,0.19,0.11,47,14
03:59.2,769,439.8,23.3,0.57,0.17,0.13,47,14.2
13:59.2,770,443.5,23.5,0.57,0.15,0.12,45,13.8
23:59.2,771,441.8,23.4,0.57,0.18,0.11,50,13.9
33:59.2,772,439.8,23.5,0.55,0.15,0.1,47,13.9
43:59.2,773,441.5,23.3,0.56,0.14,0.12,48,13.6
53:59.2,774,442,23.4,0.54,0.14,0.11,46,13.8
03:59.2,775,441.4,23.3,0.56,0.12,0.08,47,13.8
13:59.2,776,438,23.1,0.56,0.17,0.12,45,14.1
23:59.2,777,439.2,23.2,0.56,0.12,0.11,48,14.1
33:59.2,778,439.8,23.3,0.57,0.14,0.13,46,14
43:59.2,779,440,23.3,0.57,0.12,0.1,47,14.1
53:59.2,780,440.9,23.3,0.59,0.16,0.07,48,13.9
03:59.2,781,440.2,23.2,0.6,0.16,0.12,45,14.1
13:59.2,782,437.8,23.3,0.57,0.15,0.12,46,14
23:59.2,783,440.2,23.2,0.57,0.14,0.09,48,14
33:59.2,784,440.5,23.5,0.58,0.14,0.1,50,13.9
43:59.2,785,440.3,23.4,0.59,0.17,0.16,47,14.1
53:59.2,786,440.9,23.3,0.6,0.16,0.11,48,13.9
03:59.2,787,440.4,23.4,0.6,0.17,0.13,47,14.1
13:59.2,788,439.7,23.3,0.6,0.15,0.11,50,13.8
23:59.2,789,438.8,23.4,0.62,0.17,0.09,44,13.8
33:59.2,790,436.3,23.4,0.65,0.2,0.12,47,14.1
43:59.2,791,439.3,23.2,0.66,0.19,0.12,44,14
53:59.2,792,438.8,23.4,0.65,0.17,0.12,43,13.9
03:59.2,793,438.8,23.4,0.66,0.18,0.12,47,14.1
13:59.2,794,436.3,23.4,0.66,0.17,0.13,47,13.9
23:59.2,795,436.5,23.3,0.69,0.18,0.12,46,14
33:59.2,796,439.5,23.3,0.68,0.17,0.11,47,14.2
43:59.2,797,437.8,23.3,0.72,0.18,0.14,52,14.2
53:59.2,798,438.7,23.3,0.68,0.18,0.1,47,14.2
03:59.2,799,437.6,23.5,0.71,0.16,0.1,48,14
13:59.2,800,437.5,23.4,0.73,0.17,0.14,46,14.2
23:59.2,801,438.7,23.6,0.74,0.16,0.14,48,13.9
33:59.2,802,436.4,23.3,0.79,0.16,0.14,47,13.9
43:59.2,803,437.2,23.3,0.75,0.17,0.11,47,13.7
53:59.2,804,436.2,23.2,0.73,0.19,0.12,50,14.3
03:59.2,805,436.2,23.2,0.76,0.17,0.13,49,13.9
13:59.2,806,436.2,23.2,0.73,0.2,0.11,47,14
23:59.2,807,436.9,23.4,0.76,0.19,0.12,44,13.9
33:59.2,808,435.8,23.4,0.75,0.15,0.14,47,14.1
43:59.2,809,438.3,23.3,0.79,0.21,0.16,51,14
53:59.2,810,435,23.4,0.76,0.21,0.13,47,13.8
03:59.2,811,436,23.3,0.77,0.17,0.15,49,14.1
13:59.2,812,435.5,23.4,0.76,0.2,0.1,50,13.8
23:59.2,813,438.3,23.6,0.81,0.18,0.15,48,13.9
33:59.2,814,436.4,23.5,0.76,0.2,0.12,46,13.7
43:59.2,815,437.6,23.4,0.8,0.17,0.14,44,13.8
53:59.2,816,433.8,23.2,0.78,0.16,0.13,49,14.1
03:59.2,817,436.4,23.2,0.77,0.19,0.15,47,13.7
13:59.2,818,437.3,23.4,0.76,0.19,0.12,48,13.8
23:59.2,819,436,23.4,0.76,0.18,0.14,46,14
33:59.2,820,437.5,23.4,0.71,0.16,0.12,48,14
43:59.2,821,435.1,23.4,0.73,0.18,0.13,48,14.3
53:59.2,822,438,23.5,0.75,0.2,0.13,49,14.3
03:59.2,823,439.4,23.5,0.72,0.19,0.12,47,13.9
13:59.2,824,435.4,23.4,0.69,0.19,0.13,50,14.1
23:59.2,825,435.3,23.4,0.71,0.17,0.13,48,14.2
33:59.2,826,438.2,23.6,0.73,0.21,0.14,46,14
43:59.2,827,438.5,23.4,0.72,0.16,0.13,49,13.8
53:59.2,828,435.4,23.6,0.68,0.19,0.14,49,14.1
03:59.2,829,435.6,23.4,0.69,0.21,0.14,49,14
13:59.2,830,435.9,23.5,0.66,0.19,0.11,51,14
23:59.2,831,434.4,23.5,0.62,0.17,0.13,49,14.1
33:59.2,832,435.1,23.5,0.63,0.16,0.1,49,14
43:59.2,833,435.1,23.6,0.67,0.2,0.14,48,13.9
53:59.2,834,435.6,23.5,0.63,0.15,0.13,51,14.1
03:59.2,835,436.8,23.5,0.62,0.15,0.09,50,14.1
13:59.2,836,437.4,23.6,0.61,0.16,0.12,49,13.9
23:59.2,837,439.5,23.5,0.65,0.2,0.12,47,14.2
33:59.2,838,435.8,23.5,0.64,0.18,0.11,52,13.8
43:59.2,839,439,23.6,0.64,0.16,0.14,48,14
53:59.2,840,437.4,23.5,0.59,0.16,0.11,49,14.1
03:59.2,841,437.8,23.6,0.6,0.16,0.11,51,14
13:59.2,842,439.1,23.4,0.56,0.15,0.12,48,14
23:59.2,843,436.6,23.5,0.61,0.19,0.13,48,14.4
33:59.2,844,439,23.6,0.56,0.14,0.11,47,14
43:59.2,845,438.9,23.7,0.58,0.2,0.14,52,14.5
53:59.2,846,439.7,23.6,0.56,0.18,0.12,50,14.2
03:59.2,847,439.6,23.8,0.57,0.19,0.08,55,14.1
13:59.2,848,443.1,23.7,0.56,0.16,0.11,49,14.2
23:59.2,849,438.7,23.7,0.57,0.16,0.11,50,14.5
33:59.2,850,439.1,23.7,0.57,0.14,0.12,50,14
43:59.2,851,439.2,23.6,0.57,0.16,0.08,52,14
53:59.2,852,439.6,23.9,0.6,0.18,0.16,51,14
03:59.2,853,439.7,23.6,0.57,0.19,0.13,52,14.1
13:59.2,854,442.7,23.9,0.6,0.15,0.12,50,13.9
23:59.2,855,443.3,23.9,0.63,0.17,0.14,50,14.1
33:59.2,856,440.6,23.7,0.6,0.17,0.16,49,14.4
43:59.2,857,440.5,23.9,0.6,0.15,0.13,49,14.2
53:59.2,858,442.8,23.8,0.62,0.19,0.14,51,14.1
03:59.2,859,441.5,23.8,0.65,0.17,0.13,52,14.1
13:59.2,860,443.6,23.9,0.64,0.18,0.12,51,14.3
23:59.2,861,443.2,23.8,0.63,0.17,0.12,54,14
33:59.2,862,441,23.9,0.66,0.17,0.12,54,14.4
43:59.2,863,445.8,24,0.64,0.18,0.12,52,14.4
53:59.2,864,446.5,23.8,0.68,0.18,0.11,50,14.2
03:59.2,865,443.2,24,0.69,0.18,0.13,52,14.2
13:59.2,866,443.8,23.7,0.68,0.17,0.1,52,14.3
23:59.2,867,445.1,24,0.68,0.19,0.13,52,14.3
33:59.2,868,445.5,24.1,0.69,0.22,0.13,52,14
43:59.2,869,446.3,23.9,0.73,0.2,0.14,52,14.1
53:59.2,870,448.6,24,0.75,0.22,0.13,53,14
03:59.2,871,445.6,23.9,0.72,0.16,0.18,53,14.2
13:59.2,872,445,23.9,0.75,0.2,0.16,54,14.3
23:59.2,873,444.4,23.9,0.7,0.17,0.11,54,14
33:59.2,874,445.7,24.1,0.74,0.17,0.14,53,14.1
43:59.2,875,447,24.2,0.76,0.18,0.13,56,14
53:59.2,876,450,24.3,0.74,0.22,0.12,53,14.1
03:59.2,877,446.8,24,0.75,0.22,0.12,52,14.3
13:59.2,878,448.2,24.1,0.76,0.2,0.14,55,14.1
23:59.2,879,448.1,23.9,0.78,0.17,0.13,53,14.1
33:59.2,880,450.1,24.1,0.77,0.2,0.15,55,14
43:59.2,881,452.4,24.3,0.74,0.2,0.15,51,14.2
53:59.2,882,448.1,24.3,0.74,0.2,0.16,57,14.2
03:59.2,883,448.4,24,0.77,0.16,0.13,56,14.1
13:59.2,884,450.9,24.1,0.79,0.19,0.15,53,14.2
23:59.2,885,450.6,24.2,0.73,0.19,0.14,53,14.2
33:59.2,886,452.5,24.3,0.77,0.21,0.13,58,14.1
43:59.2,887,450.9,24.1,0.77,0.16,0.13,54,14
53:59.2,888,449.6,24.2,0.8,0.2,0.17,54,14.5
03:59.2,889,451.3,24.2,0.76,0.2,0.14,52,14.1
13:59.2,890,452.2,24.3,0.77,0.22,0.15,55,14.2
23:59.2,891,452,24.3,0.76,0.21,0.13,56,14.4
33:59.2,892,451.7,24.3,0.71,0.21,0.12,57,14.8
43:59.2,893,452.7,24.2,0.76,0.19,0.13,54,14
53:59.2,894,453,24.3,0.75,0.16,0.14,54,14.3
03:59.2,895,453.4,24.3,0.74,0.19,0.12,57,14.1
13:59.2,896,452.5,24.3,0.81,0.23,0.14,58,14.2
23:59.2,897,451.4,24.2,0.68,0.22,0.11,54,14.1
33:59.2,898,451.9,24.5,0.74,0.21,0.12,58,14.1
43:59.2,899,453.6,24.4,0.7,0.2,0.14,57,14.2
53:59.2,900,450.7,24.2,0.7,0.2,0.14,59,14
03:59.2,901,452.6,24.4,0.68,0.18,0.13,57,14.4
13:59.2,902,451.5,24.3,0.67,0.19,0.12,53,14.3
23:59.2,903,452.2,24.4,0.66,0.22,0.11,57,14.3
33:59.2,904,454.1,24.4,0.67,0.17,0.13,59,14.2
43:59.2,905,452.5,24.3,0.62,0.21,0.14,56,14.2
53:59.2,906,452.4,24.4,0.66,0.18,0.14,57,14.3
03:59.2,907,450.3,24.1,0.63,0.21,0.12,57,14.1
13:59.2,908,453.4,24.3,0.61,0.15,0.11,53,14.2
23:59.2,909,453.3,24.3,0.61,0.19,0.13,60,14.1
33:59.2,910,455.6,24.5,0.64,0.17,0.12,56,14.1
43:59.2,911,451.9,24.5,0.6,0.15,0.12,59,14
53:59.2,912,452.6,24.6,0.61,0.18,0.15,58,14.5
03:59.2,913,452.7,24.5,0.59,0.2,0.14,60,14.2
13:59.2,914,454.6,24.5,0.61,0.16,0.13,59,14.5
23:59.2,915,452.1,24.2,0.61,0.15,0.11,58,14.4
33:59.2,916,452.6,24.3,0.63,0.18,0.13,57,14.1
43:59.2,917,453,24.3,0.59,0.18,0.14,59,14.1
53:59.2,918,452.3,24.3,0.6,0.19,0.12,56,14.7
03:59.2,919,451.3,24.4,0.59,0.2,0.14,59,14.6
13:59.2,920,452.2,24.4,0.61,0.18,0.15,57,14.3
23:59.2,921,453.4,24.3,0.58,0.21,0.15,60,14.3
33:59.2,922,450.2,24.4,0.61,0.19,0.13,59,14.2
43:59.2,923,451.8,24.3,0.59,0.17,0.13,60,14.4
53:59.2,924,450.5,24.4,0.6,0.15,0.15,59,14.2
03:59.2,925,453.2,24.7,0.6,0.18,0.13,56,14
13:59.2,926,449,24.3,0.61,0.18,0.12,57,14.1
23:59.2,927,450.4,24.1,0.61,0.2,0.12,60,14.3
33:59.2,928,451.6,24.4,0.62,0.19,0.13,59,14.1
43:59.2,929,453.3,24.6,0.66,0.17,0.11,61,14.3
53:59.2,930,450.7,24.6,0.65,0.19,0.13,59,14.2
03:59.2,931,449.9,24.3,0.66,0.2,0.15,57,14.2
13:59.2,932,453.4,24.6,0.64,0.22,0.1,58,14.5
23:59.2,933,448.3,24.3,0.64,0.2,0.15,59,14.4
33:59.2,934,447,24.3,0.68,0.21,0.15,56,14.3
43:59.2,935,450.8,24.7,0.69,0.2,0.13,62,14.5
53:59.2,936,449.3,24.3,0.71,0.21,0.15,60,14.4
03:59.2,937,448.3,24.4,0.68,0.22,0.13,61,14.6
13:59.2,938,450.8,24.5,0.69,0.17,0.15,57,14.3
23:59.2,939,450,24.5,0.68,0.19,0.15,61,14.3
33:59.2,940,448.6,24.4,0.71,0.18,0.12,62,14.2
43:59.2,941,447.4,24.4,0.75,0.21,0.15,57,14.3
53:59.2,942,450.5,24.4,0.72,0.22,0.14,60,14.5
03:59.2,943,450,24.5,0.75,0.19,0.14,59,14.5
13:59.2,944,448.8,24.4,0.74,0.16,0.13,57,14.5
23:59.2,945,451.6,24.6,0.76,0.2,0.17,60,14.1
33:59.2,946,447.1,24.4,0.74,0.22,0.16,60,14.5
43:59.2,947,446.3,24.4,0.77,0.22,0.13,58,14.1
53:59.2,948,447.4,24.4,0.71,0.21,0.12,61,14.5
03:59.2,949,448.3,24.6,0.78,0.2,0.14,57,14.3
13:59.2,950,448.6,24.4,0.75,0.18,0.15,57,14.5
23:59.2,951,447.8,24.3,0.81,0.22,0.15,59,14.2
33:59.2,952,448.6,24.6,0.8,0.2,0.17,59,14.6
43:59.2,953,446.1,24.3,0.8,0.26,0.16,58,14.2
53:59.2,954,450,24.5,0.82,0.23,0.16,60,14.3
03:59.2,955,447.7,24.4,0.77,0.2,0.15,60,14.2
13:59.2,956,449.4,24.6,0.83,0.2,0.13,60,14.1
23:59.2,957,448.2,24.3,0.81,0.21,0.15,59,14.4
33:59.2,958,448.3,24.8,0.79,0.21,0.16,60,14.7
43:59.2,959,448.4,24.6,0.81,0.24,0.15,58,14.8
53:59.2,960,448.2,24.5,0.76,0.21,0.15,62,14.4
03:59.2,961,448.4,24.5,0.76,0.19,0.14,58,14.6
13:59.2,962,449.4,24.6,0.76,0.25,0.13,62,14.4
23:59.2,963,447.7,24.5,0.76,0.21,0.14,59,14.5
33:59.2,964,448.5,24.6,0.74,0.22,0.15,57,14.4
43:59.2,965,447.3,24.5,0.78,0.2,0.14,61,14.4
53:59.2,966,449.6,24.6,0.75,0.21,0.14,59,14.5
03:59.2,967,446.4,24.5,0.75,0.21,0.13,60,14.3
13:59.2,968,450.2,24.6,0.73,0.17,0.16,60,14.4
23:59.2,969,447.5,24.5,0.69,0.24,0.13,59,14.4
33:59.2,970,445.4,24.6,0.73,0.23,0.16,57,14.5
43:59.2,971,447.8,24.6,0.67,0.19,0.16,60,14.3
53:59.2,972,446.7,24.2,0.7,0.18,0.14,58,14.4
03:59.2,973,449,24.6,0.67,0.2,0.12,59,14.7
13:59.2,974,446.9,24.5,0.73,0.21,0.11,55,14.6
23:59.2,975,447.3,24.5,0.7,0.21,0.12,59,14.6
33:59.2,976,445.2,24.4,0.67,0.2,0.12,57,14.4
43:59.2,977,447.5,24.7,0.69,0.21,0.16,60,14.5
53:59.2,978,444.6,24.6,0.64,0.22,0.13,59,14.6
03:59.2,979,446,24.4,0.66,0.21,0.14,58,14.7
13:59.2,980,449.7,24.7,0.64,0.17,0.1,58,14.2
23:59.2,981,449.9,24.5,0.64,0.22,0.12,56,14.3
33:59.2,982,449.5,24.5,0.65,0.23,0.15,60,14.6
43:59.2,983,447.6,24.5,0.64,0.25,0.14,60,14.4
53:59.2,984,449.1,24.7,0.62,0.17,0.13,58,14.4
03:59.2,985,449.4,24.7,0.58,0.19,0.14,60,14.3
13:59.2,986,447.8,24.7,0.59,0.14,0.15,56,14.4
23:59.2,987,452,24.8,0.6,0.2,0.13,56,14.3
33:59.2,988,451.3,24.8,0.6,0.18,0.13,57,14.8
43:59.2,989,449.9,24.6,0.58,0.22,0.13,58,14.5
53:59.2,990,450.5,24.8,0.65,0.18,0.17,56,14.5
03:59.2,991,451,24.8,0.63,0.16,0.1,58,14.6
13:59.2,992,447.8,24.7,0.61,0.18,0.14,57,14.6
23:59.2,993,450.8,24.9,0.6,0.15,0.13,55,14.6
33:59.2,994,450.4,24.8,0.6,0.2,0.14,57,14.6
43:59.2,995,450.1,24.8,0.59,0.14,0.12,58,14.4
53:59.2,996,451.5,24.9,0.61,0.19,0.13,57,14.4
03:59.2,997,454.9,24.9,0.62,0.15,0.14,58,14.6
13:59.2,998,453.4,24.7,0.59,0.18,0.18,54,14.4
23:59.2,999,451.9,24.8,0.63,0.22,0.15,57,14.5
33:59.2,1000,453.9,24.8,0.63,0.2,0.12,54,14.6
